timestamp,channel_id,offset,total_cycle,ok,message
2026-03-01T01:10:32.549823,100,0,1,False,"HTTP 404: {""detail"":""Channel not found""}"
2026-03-01T01:10:37.638182,100,0,1,False,"HTTP 404: {""detail"":""Channel not found""}"
2026-03-01T01:10:42.814799,100,0,1,False,"HTTP 404: {""detail"":""Channel not found""}"
2026-03-01T01:10:47.874244,100,0,1,False,"HTTP 404: {""detail"":""Channel not found""}"
2026-03-01T01:10:52.929894,100,0,1,False,"HTTP 404: {""detail"":""Channel not found""}"
2026-03-01T01:10:57.980779,100,0,1,False,"HTTP 404: {""detail"":""Channel not found""}"
2026-03-01T01:11:03.030707,100,0,1,False,"HTTP 404: {""detail"":""Channel not found""}"
2026-03-01T01:11:08.083744,100,0,1,False,"HTTP 404: {""detail"":""Channel not found""}"
2026-03-01T01:11:13.155715,100,0,1,False,"HTTP 404: {""detail"":""Channel not found""}"
2026-03-01T01:11:18.232035,100,0,1,False,"HTTP 404: {""detail"":""Channel not found""}"
2026-03-01T01:11:23.372364,100,0,1,False,"HTTP 404: {""detail"":""Channel not found""}"
2026-03-01T01:11:28.620995,100,0,1,False,"HTTP 404: {""detail"":""Channel not found""}"
2026-03-01T01:10:32.556676,101,0,1,False,"HTTP 404: {""detail"":""Channel not found""}"
2026-03-01T01:10:37.681356,101,0,1,False,"HTTP 404: {""detail"":""Channel not found""}"
2026-03-01T01:10:42.822214,101,0,1,False,"HTTP 404: {""detail"":""Channel not found""}"
2026-03-01T01:10:47.885725,101,0,1,False,"HTTP 404: {""detail"":""Channel not found""}"
2026-03-01T01:10:52.943134,101,0,1,False,"HTTP 404: {""detail"":""Channel not found""}"
2026-03-01T01:10:57.992166,101,0,1,False,"HTTP 404: {""detail"":""Channel not found""}"
2026-03-01T01:11:03.039032,101,0,1,False,"HTTP 404: {""detail"":""Channel not found""}"
2026-03-01T01:11:08.097871,101,0,1,False,"HTTP 404: {""detail"":""Channel not found""}"
2026-03-01T01:11:13.167157,101,0,1,False,"HTTP 404: {""detail"":""Channel not found""}"
2026-03-01T01:11:18.248444,101,0,1,False,"HTTP 404: {""detail"":""Channel not found""}"
2026-03-01T01:11:23.419641,101,0,1,False,"HTTP 404: {""detail"":""Channel not found""}"
2026-03-01T01:11:28.631589,101,0,1,False,"HTTP 404: {""detail"":""Channel not found""}"
2026-03-01T01:10:32.563324,102,0,1,False,"HTTP 404: {""detail"":""Channel not found""}"
2026-03-01T01:10:37.722337,102,0,1,False,"HTTP 404: {""detail"":""Channel not found""}"
2026-03-01T01:10:42.830501,102,0,1,False,"HTTP 404: {""detail"":""Channel not found""}"
2026-03-01T01:10:47.894253,102,0,1,False,"HTTP 404: {""detail"":""Channel not found""}"
2026-03-01T01:10:52.952852,102,0,1,False,"HTTP 404: {""detail"":""Channel not found""}"
2026-03-01T01:10:58.002734,102,0,1,False,"HTTP 404: {""detail"":""Channel not found""}"
2026-03-01T01:11:03.048044,102,0,1,False,"HTTP 404: {""detail"":""Channel not found""}"
2026-03-01T01:11:08.106317,102,0,1,False,"HTTP 404: {""detail"":""Channel not found""}"
2026-03-01T01:11:13.178981,102,0,1,False,"HTTP 404: {""detail"":""Channel not found""}"
2026-03-01T01:11:18.260531,102,0,1,False,"HTTP 404: {""detail"":""Channel not found""}"
2026-03-01T01:11:23.475821,102,0,1,False,"HTTP 404: {""detail"":""Channel not found""}"
2026-03-01T01:11:28.639967,102,0,1,False,"HTTP 404: {""detail"":""Channel not found""}"
2026-03-01T01:10:32.572849,103,0,1,False,"HTTP 404: {""detail"":""Channel not found""}"
2026-03-01T01:10:37.763154,103,0,1,False,"HTTP 404: {""detail"":""Channel not found""}"
2026-03-01T01:10:42.839560,103,0,1,False,"HTTP 404: {""detail"":""Channel not found""}"
2026-03-01T01:10:47.906199,103,0,1,False,"HTTP 404: {""detail"":""Channel not found""}"
2026-03-01T01:10:52.963441,103,0,1,False,"HTTP 404: {""detail"":""Channel not found""}"
2026-03-01T01:10:58.011043,103,0,1,False,"HTTP 404: {""detail"":""Channel not found""}"
2026-03-01T01:11:03.059655,103,0,1,False,"HTTP 404: {""detail"":""Channel not found""}"
2026-03-01T01:11:08.129107,103,0,1,False,"HTTP 404: {""detail"":""Channel not found""}"
2026-03-01T01:11:13.187895,103,0,1,False,"HTTP 404: {""detail"":""Channel not found""}"
2026-03-01T01:11:18.294222,103,0,1,False,"HTTP 404: {""detail"":""Channel not found""}"
2026-03-01T01:11:23.533299,103,0,1,False,"HTTP 404: {""detail"":""Channel not found""}"
2026-03-01T01:11:28.647230,103,0,1,False,"HTTP 404: {""detail"":""Channel not found""}"
2026-03-01T01:10:32.580541,104,0,1,False,"HTTP 404: {""detail"":""Channel not found""}"
2026-03-01T01:10:37.809114,104,0,1,False,"HTTP 404: {""detail"":""Channel not found""}"
2026-03-01T01:10:42.847337,104,0,1,False,"HTTP 404: {""detail"":""Channel not found""}"
2026-03-01T01:10:47.918942,104,0,1,False,"HTTP 404: {""detail"":""Channel not found""}"
2026-03-01T01:10:52.972125,104,0,1,False,"HTTP 404: {""detail"":""Channel not found""}"
2026-03-01T01:10:58.020190,104,0,1,False,"HTTP 404: {""detail"":""Channel not found""}"
2026-03-01T01:11:03.072895,104,0,1,False,"HTTP 404: {""detail"":""Channel not found""}"
2026-03-01T01:11:08.141149,104,0,1,False,"HTTP 404: {""detail"":""Channel not found""}"
2026-03-01T01:11:13.200853,104,0,1,False,"HTTP 404: {""detail"":""Channel not found""}"
2026-03-01T01:11:18.329318,104,0,1,False,"HTTP 404: {""detail"":""Channel not found""}"
2026-03-01T01:11:23.603252,104,0,1,False,"HTTP 404: {""detail"":""Channel not found""}"
2026-03-01T01:11:28.656706,104,0,1,False,"HTTP 404: {""detail"":""Channel not found""}"
